residence-id,person-id,place-id,residence-label,is-current,date-start-value,date-start-descriptor,date-end-value,date-end-descriptor,notes,source-last-modified-date,source-last-modified-by
RS0002,P378,L0002,Home,TRUE,,,,,,2018-08-20,Melanie
RS0003,P876,L0002,Home,TRUE,,,,,,2018-08-20,Melanie
RS0004,P245,L0003,Home,TRUE,,,,,,2015-08-22,Melanie
RS0005,P516,L0003,Home,TRUE,,,,,,2015-08-22,Melanie
RS0006,P534,L0003,Home,TRUE,,,,,,2015-08-22,Melanie
RS0007,P846,L0003,Home,TRUE,,,,,,2015-08-22,Melanie
RS0010,P380,L0006,Home,TRUE,,,,,,2018-08-18,Melanie
RS0011,P569,L0006,Home,TRUE,,,,,,2018-08-18,Melanie
RS0012,P580,L0006,Home,TRUE,,,,,,2018-08-18,Melanie
RS0013,P877,L0006,Home,TRUE,,,,,,2018-08-18,Melanie
RS0014,P382,L0007,Home,TRUE,,,,,,2018-08-20,Melanie
RS0015,P879,L0007,Home,TRUE,,,,,,2018-08-20,Melanie
RS0016,P193,L0008,Home,TRUE,,,,,,2000-07-13,Lauerb
RS0017,P408,L0008,Home,TRUE,,,,,,2000-07-13,Lauerb
RS0018,P409,L0008,Home,TRUE,,,,,,2000-07-13,Lauerb
RS0019,P410,L0008,Home,TRUE,,,,,,2000-07-13,Lauerb
RS0020,P286,L0009,Home,TRUE,,,,,,2007-08-13,BMAC
RS0021,P531,L0009,Home,TRUE,,,,,,2007-08-13,BMAC
RS0022,P859,L0009,Home,TRUE,,,,,,2007-08-13,BMAC
RS0023,P201,L0010,Home,TRUE,,,,,,2007-06-01,BMAC
RS0024,P404,L0010,Home,TRUE,,,,,,2007-06-01,BMAC
RS0025,P405,L0010,Home,TRUE,,,,,,2007-06-01,BMAC
RS0026,P816,L0010,Home,TRUE,,,,,,2007-06-01,BMAC
RS0027,P163,L0011,Home,TRUE,,,,,,1999-08-08,Laptop
RS0028,P474,L0011,Home,TRUE,,,,,,1999-08-08,Laptop
RS0029,P777,L0011,Home,TRUE,,,,,,1999-08-08,Laptop
RS0030,P177,L0012,Home,TRUE,,,,,,1999-08-08,Laptop
RS0031,P434,L0012,Home,TRUE,,,,,,1999-08-08,Laptop
RS0032,P435,L0012,Home,TRUE,,,,,,1999-08-08,Laptop
RS0033,P792,L0012,Home,TRUE,,,,,,1999-08-08,Laptop
RS0034,P283,L0013,Home,TRUE,,,,,,2008-09-03,BMAC
RS0035,P543,L0013,Home,TRUE,,,,,,2008-09-03,BMAC
RS0036,P857,L0013,Home,TRUE,,,,,,2008-09-03,BMAC
RS0037,P030,L0014,Home,TRUE,,,,,,2003-07-19,BMAC
RS0038,P026,L0015,Home,TRUE,,,,,,2001-08-16,Lauerb
RS0039,P459,L0016,Home,TRUE,,,,,,2018-08-09,Melanie
RS0040,P582,L0016,Home,TRUE,,,,,,2018-08-09,Melanie
RS0041,P603,L0016,Home,TRUE,,,,,,2018-08-09,Melanie
RS0042,P908,L0016,Home,TRUE,,,,,,2018-08-09,Melanie
RS0043,P100,L0017,Home,TRUE,,,,,,1999-07-17,Lauerb
RS0044,P290,L0017,Home,TRUE,,,,,,1999-07-17,Lauerb
RS0045,P291,L0017,Home,TRUE,,,,,,1999-07-17,Lauerb
RS0046,P292,L0017,Home,TRUE,,,,,,1999-07-17,Lauerb
RS0047,P713,L0017,Home,TRUE,,,,,,1999-07-17,Lauerb
RS0048,P381,L0018,Home,TRUE,,,,,,2018-08-20,Melanie
RS0049,P562,L0018,Home,TRUE,,,,,,2018-08-20,Melanie
RS0050,P585,L0018,Home,TRUE,,,,,,2018-08-20,Melanie
RS0051,P878,L0018,Home,TRUE,,,,,,2018-08-20,Melanie
RS0052,P444,L0019,Home,TRUE,,,,,,2018-08-01,Melanie
RS0053,P901,L0019,Home,TRUE,,,,,,2018-08-01,Melanie
RS0054,P428,L0020,Home,TRUE,,,,,,2018-08-20,Melanie
RS0055,P893,L0020,Home,TRUE,,,,,,2018-08-20,Melanie
RS0056,P442,L0021,Home,TRUE,,,,,,2018-08-01,Melanie
RS0057,P595,L0021,Home,TRUE,,,,,,2018-08-01,Melanie
RS0058,P899,L0021,Home,TRUE,,,,,,2018-08-01,Melanie
RS0059,P081,L0022,Home,TRUE,,,,,,2001-07-09,Lauerb
RS0060,P271,L0022,Home,TRUE,,,,,,2001-07-09,Lauerb
RS0061,P272,L0022,Home,TRUE,,,,,,2001-07-09,Lauerb
RS0062,P691,L0022,Home,TRUE,,,,,,2001-07-09,Lauerb
RS0063,P101,L0023,Home,TRUE,,,,,,2001-07-09,Lauerb
RS0064,P296,L0023,Home,TRUE,,,,,,2001-07-09,Lauerb
RS0065,P297,L0023,Home,TRUE,,,,,,2001-07-09,Lauerb
RS0066,P298,L0023,Home,TRUE,,,,,,2001-07-09,Lauerb
RS0067,P714,L0023,Home,TRUE,,,,,,2001-07-09,Lauerb
RS0068,P146,L0024,Home,TRUE,,,,,,2005-02-21,BMAC
RS0069,P464,L0024,Home,TRUE,,,,,,2005-02-21,BMAC
RS0070,P504,L0024,Home,TRUE,,,,,,2005-02-21,BMAC
RS0071,P758,L0024,Home,TRUE,,,,,,2005-02-21,BMAC
RS0072,P087,L0025,Home,TRUE,,,,,,2017-09-02,Melanie
RS0073,P277,L0025,Home,TRUE,,,,,,2017-09-02,Melanie
RS0074,P278,L0025,Home,TRUE,,,,,,2017-09-02,Melanie
RS0075,P192,L0026,Home,TRUE,,,,,,2008-10-03,BMAC
RS0076,P411,L0026,Home,TRUE,,,,,,2008-10-03,BMAC
RS0077,P412,L0026,Home,TRUE,,,,,,2008-10-03,BMAC
RS0078,P194,L0027,Home,TRUE,,,,,,1999-08-08,Laptop
RS0079,P406,L0027,Home,TRUE,,,,,,1999-08-08,Laptop
RS0080,P407,L0027,Home,TRUE,,,,,,1999-08-08,Laptop
RS0081,P810,L0027,Home,TRUE,,,,,,1999-08-08,Laptop
RS0082,P191,L0028,Home,TRUE,,,,,,2008-10-03,BMAC
RS0083,P413,L0028,Home,TRUE,,,,,,2008-10-03,BMAC
RS0084,P546,L0028,Home,TRUE,,,,,,2008-10-03,BMAC
RS0085,P807,L0028,Home,TRUE,,,,,,2008-10-03,BMAC
RS0086,P238,L0029,Home,TRUE,,,,,,2003-07-28,BMAC
RS0087,P845,L0029,Home,TRUE,,,,,,2003-07-28,BMAC
RS0088,P129,L0030,Home,TRUE,,,,,,2003-07-28,BMAC
RS0089,P739,L0030,Home,TRUE,,,,,,2003-07-28,BMAC
RS0090,P374,L0031,Home,TRUE,,,,,,2013-07-26,Melanie
RS0091,P017,L0032,Home,TRUE,,,,,,2018-08-18,Melanie
RS0092,P623,L0032,Home,TRUE,,,,,,2018-08-18,Melanie
RS0093,P372,L0033,Home,TRUE,,,,,,2013-07-26,Melanie
RS0094,P874,L0033,Home,TRUE,,,,,,2013-07-26,Melanie
RS0095,P373,L0034,Home,TRUE,,,,,,2018-08-01,Melanie
RS0096,P001,L0035,Home,TRUE,,,,,,2014-07-28,Melanie
RS0097,P608,L0035,Home,TRUE,,,,,,2014-07-28,Melanie
RS0098,P066,L0036,Home,TRUE,,,,,,1994-01-03,McDirectory
RS0099,P673,L0036,Home,TRUE,,,,,,1994-01-03,McDirectory
RS0100,P062,L0037,Home,TRUE,,,,,,2014-08-14,Melanie
RS0101,P242,L0037,Home,TRUE,,,,,,2014-08-14,Melanie
RS0102,P505,L0037,Home,TRUE,,,,,,2014-08-14,Melanie
RS0103,P506,L0037,Home,TRUE,,,,,,2014-08-14,Melanie
RS0104,P669,L0037,Home,TRUE,,,,,,2014-08-14,Melanie
RS0105,P059,L0038,Home,TRUE,,,,,,2007-06-01,BMAC
RS0106,P666,L0038,Home,TRUE,,,,,,2007-06-01,BMAC
RS0107,P061,L0039,Home,TRUE,,,,,,2007-08-20,BMAC
RS0108,P241,L0039,Home,TRUE,,,,,,2007-08-20,BMAC
RS0109,P519,L0039,Home,TRUE,,,,,,2007-08-20,BMAC
RS0110,P533,L0039,Home,TRUE,,,,,,2007-08-20,BMAC
RS0111,P668,L0039,Home,TRUE,,,,,,2007-08-20,BMAC
RS0112,P085,L0040,Home,TRUE,,,,,,2017-09-02,Melanie
RS0113,P274,L0040,Home,TRUE,,,,,,2017-09-02,Melanie
RS0114,P695,L0040,Home,TRUE,,,,,,2017-09-02,Melanie
RS0115,P176,L0041,Home,TRUE,,,,,,1999-08-08,Laptop
RS0116,P791,L0041,Home,TRUE,,,,,,1999-08-08,Laptop
RS0117,P047,L0042,Home,TRUE,,,,,,2017-08-05,Melanie
RS0118,P655,L0042,Home,TRUE,,,,,,2017-08-05,Melanie
RS0119,P446,L0043,Home,TRUE,,,,,,2018-08-01,Melanie
RS0120,P590,L0043,Home,TRUE,,,,,,2018-08-01,Melanie
RS0121,P903,L0043,Home,TRUE,,,,,,2018-08-01,Melanie
RS0122,P027,L0044,Home,TRUE,,,,,,2001-07-08,Lauerb
RS0123,P365,L0044,Home,TRUE,,,,,,2001-07-08,Lauerb
RS0124,P490,L0044,Home,TRUE,,,,,,2001-07-08,Lauerb
RS0125,P491,L0044,Home,TRUE,,,,,,2001-07-08,Lauerb
RS0126,P634,L0044,Home,TRUE,,,,,,2001-07-08,Lauerb
RS0127,P028,L0045,Home,TRUE,,,,,,2001-08-16,Lauerb
RS0128,P366,L0045,Home,TRUE,,,,,,2001-08-16,Lauerb
RS0129,P635,L0045,Home,TRUE,,,,,,2001-08-16,Lauerb
RS0130,P168,L0046,Home,TRUE,,,,,,1999-08-08,Laptop
RS0131,P469,L0046,Home,TRUE,,,,,,1999-08-08,Laptop
RS0132,P470,L0046,Home,TRUE,,,,,,1999-08-08,Laptop
RS0133,P781,L0046,Home,TRUE,,,,,,1999-08-08,Laptop
RS0134,P169,L0047,Home,TRUE,,,,,,2017-08-05,Melanie
RS0135,P782,L0047,Home,TRUE,,,,,,2017-08-05,Melanie
RS0136,P466,L0048,Home,TRUE,,,,,,2007-03-06,BMAC
RS0137,P468,L0048,Home,TRUE,,,,,,2007-03-06,BMAC
RS0138,P497,L0048,Home,TRUE,,,,,,2007-03-06,BMAC
RS0139,P520,L0048,Home,TRUE,,,,,,2007-03-06,BMAC
RS0140,P910,L0048,Home,TRUE,,,,,,2007-03-06,BMAC
RS0141,P282,L0049,Home,TRUE,,,,,,2007-08-13,BMAC
RS0142,P532,L0049,Home,TRUE,,,,,,2007-08-13,BMAC
RS0143,P856,L0049,Home,TRUE,,,,,,2007-08-13,BMAC
RS0144,P136,L0050,Home,TRUE,,,,,,2009-07-17,BMAC
RS0145,P748,L0050,Home,TRUE,,,,,,2009-07-17,BMAC
RS0146,P395,L0051,Home,TRUE,,,,,,2018-07-31,Melanie
RS0147,P550,L0051,Home,TRUE,,,,,,2018-07-31,Melanie
RS0148,P563,L0051,Home,TRUE,,,,,,2018-07-31,Melanie
RS0149,P598,L0051,Home,TRUE,,,,,,2018-07-31,Melanie
RS0150,P885,L0051,Home,TRUE,,,,,,2018-07-31,Melanie
RS0151,P172,L0052,Home,TRUE,,,,,,2012-08-19,Melanie Lauer
RS0152,P785,L0052,Home,TRUE,,,,,,2012-08-19,Melanie Lauer
RS0153,P445,L0053,Home,TRUE,,,,,,2018-08-01,Melanie
RS0154,P553,L0053,Home,TRUE,,,,,,2018-08-01,Melanie
RS0155,P594,L0053,Home,TRUE,,,,,,2018-08-01,Melanie
RS0156,P902,L0053,Home,TRUE,,,,,,2018-08-01,Melanie
RS0157,P173,L0054,Home,TRUE,,,,,,2018-08-01,Melanie
RS0158,P174,L0055,Home,TRUE,,,,,,2018-08-01,Melanie
RS0159,P438,L0056,Home,TRUE,,,,,,2018-08-01,Melanie
RS0160,P593,L0056,Home,TRUE,,,,,,2018-08-01,Melanie
RS0161,P896,L0056,Home,TRUE,,,,,,2018-08-01,Melanie
RS0162,P175,L0057,Home,TRUE,,,,,,2018-08-01,Melanie
RS0163,P789,L0057,Home,TRUE,,,,,,2018-08-01,Melanie
RS0164,P437,L0058,Home,TRUE,,,,,,2018-08-01,Melanie
RS0165,P171,L0059,Home,TRUE,,,,,,2003-07-19,BMAC
RS0166,P784,L0059,Home,TRUE,,,,,,2003-07-19,BMAC
RS0167,P063,L0060,Home,TRUE,,,,,,2007-03-06,BMAC
RS0168,P243,L0060,Home,TRUE,,,,,,2007-03-06,BMAC
RS0169,P521,L0060,Home,TRUE,,,,,,2007-03-06,BMAC
RS0170,P670,L0060,Home,TRUE,,,,,,2007-03-06,BMAC
RS0171,P439,L0061,Home,TRUE,,,,,,2018-08-01,Melanie
RS0172,P596,L0061,Home,TRUE,,,,,,2018-08-01,Melanie
RS0173,P897,L0061,Home,TRUE,,,,,,2018-08-01,Melanie
RS0174,P199,L0062,Home,TRUE,,,,,,2000-08-17,Lauerb
RS0175,P198,L0063,Home,TRUE,,,,,,2018-08-20,Melanie
RS0176,P814,L0063,Home,TRUE,,,,,,2018-08-20,Melanie
RS0177,P190,L0064,Home,TRUE,,,,,,1999-09-05,Lauerb
RS0178,P806,L0064,Home,TRUE,,,,,,1999-09-05,Lauerb
RS0179,P051,L0065,Home,TRUE,,,,,,1994-01-03,McDirectory
RS0180,P340,L0065,Home,TRUE,,,,,,1994-01-03,McDirectory
RS0181,P341,L0065,Home,TRUE,,,,,,1994-01-03,McDirectory
RS0182,P659,L0065,Home,TRUE,,,,,,1994-01-03,McDirectory
RS0183,P120,L0066,Home,TRUE,,,,,,2008-07-30,BMAC
RS0184,P321,L0066,Home,TRUE,,,,,,2008-07-30,BMAC
RS0185,P322,L0066,Home,TRUE,,,,,,2008-07-30,BMAC
RS0186,P323,L0066,Home,TRUE,,,,,,2008-07-30,BMAC
RS0187,P324,L0066,Home,TRUE,,,,,,2008-07-30,BMAC
RS0188,P325,L0066,Home,TRUE,,,,,,2008-07-30,BMAC
RS0189,P326,L0067,Home,TRUE,,,,,,2012-07-31,Melanie Lauer
RS0190,P517,L0067,Home,TRUE,,,,,,2012-07-31,Melanie Lauer
RS0191,P530,L0067,Home,TRUE,,,,,,2012-07-31,Melanie Lauer
RS0192,P565,L0067,Home,TRUE,,,,,,2012-07-31,Melanie Lauer
RS0193,P327,L0068,Home,TRUE,,,,,,2018-08-22,Melanie
RS0194,P328,L0068,Home,TRUE,,,,,,2018-08-22,Melanie
RS0195,P122,L0069,Home,TRUE,,,,,,1999-07-17,Lauerb
RS0196,P733,L0069,Home,TRUE,,,,,,1999-07-17,Lauerb
RS0197,P123,L0070,Home,TRUE,,,,,,1999-07-17,Lauerb
RS0198,P331,L0070,Home,TRUE,,,,,,1999-07-17,Lauerb
RS0199,P332,L0070,Home,TRUE,,,,,,1999-07-17,Lauerb
RS0200,P734,L0070,Home,TRUE,,,,,,1999-07-17,Lauerb
RS0201,P124,L0071,Home,TRUE,,,,,,1999-07-17,Lauerb
RS0202,P333,L0071,Home,TRUE,,,,,,1999-07-17,Lauerb
RS0203,P334,L0071,Home,TRUE,,,,,,1999-07-17,Lauerb
RS0204,P126,L0072,Home,TRUE,,,,,,2018-08-17,Melanie
RS0205,P336,L0072,Home,TRUE,,,,,,2018-08-17,Melanie
RS0206,P337,L0072,Home,TRUE,,,,,,2018-08-17,Melanie
RS0207,P737,L0072,Home,TRUE,,,,,,2018-08-17,Melanie
RS0208,P335,L0073,Home,TRUE,,,,,,2017-08-08,Melanie
RS0209,P196,L0074,Home,TRUE,,,,,,2006-08-24,BMAC
RS0210,P812,L0074,Home,TRUE,,,,,,2006-08-24,BMAC
RS0211,P279,L0075,Home,TRUE,,,,,,2010-07-31,BMAC
RS0212,P544,L0075,Home,TRUE,,,,,,2010-07-31,BMAC
RS0213,P552,L0075,Home,TRUE,,,,,,2010-07-31,BMAC
RS0214,P855,L0075,Home,TRUE,,,,,,2010-07-31,BMAC
RS0215,P107,L0076,Home,TRUE,,,,,,2001-07-09,Lauerb
RS0216,P303,L0076,Home,TRUE,,,,,,2001-07-09,Lauerb
RS0217,P304,L0076,Home,TRUE,,,,,,2001-07-09,Lauerb
RS0218,P481,L0076,Home,TRUE,,,,,,2001-07-09,Lauerb
RS0219,P719,L0076,Home,TRUE,,,,,,2001-07-09,Lauerb
RS0220,P131,L0077,Home,TRUE,,,,,,2011-07-31,Melanie Lauer
RS0221,P257,L0077,Home,TRUE,,,,,,2011-07-31,Melanie Lauer
RS0222,P742,L0077,Home,TRUE,,,,,,2011-07-31,Melanie Lauer
RS0223,P002,L0078,Home,TRUE,,,,,,2017-08-20,Melanie
RS0224,P609,L0078,Home,TRUE,,,,,,2017-08-20,Melanie
RS0225,P128,L0079,Home,TRUE,,,,,,2017-08-08,Melanie
RS0226,P095,L0080,Home,TRUE,,,,,,2008-10-03,BMAC
RS0227,P515,L0080,Home,TRUE,,,,,,2008-10-03,BMAC
RS0228,P542,L0080,Home,TRUE,,,,,,2008-10-03,BMAC
RS0229,P549,L0080,Home,TRUE,,,,,,2008-10-03,BMAC
RS0230,P706,L0080,Home,TRUE,,,,,,2008-10-03,BMAC
RS0231,P056,L0081,Home,TRUE,,,,,,1999-08-09,Laptop
RS0232,P475,L0081,Home,TRUE,,,,,,1999-08-09,Laptop
RS0233,P476,L0081,Home,TRUE,,,,,,1999-08-09,Laptop
RS0234,P348,L0082,Home,TRUE,,,,,,2007-08-13,BMAC
RS0235,P069,L0083,Home,TRUE,,,,,,1999-07-29,Lauerb
RS0236,P351,L0083,Home,TRUE,,,,,,1999-07-29,Lauerb
RS0237,P677,L0083,Home,TRUE,,,,,,1999-07-29,Lauerb
RS0238,P130,L0084,Home,TRUE,,,,,,2011-07-31,Melanie Lauer
RS0239,P740,L0084,Home,TRUE,,,,,,2011-07-31,Melanie Lauer
RS0240,P082,L0085,Home,TRUE,,,,,,2000-08-17,Lauerb
RS0241,P268,L0085,Home,TRUE,,,,,,2000-08-17,Lauerb
RS0242,P269,L0085,Home,TRUE,,,,,,2000-08-17,Lauerb
RS0243,P270,L0085,Home,TRUE,,,,,,2000-08-17,Lauerb
RS0244,P692,L0085,Home,TRUE,,,,,,2000-08-17,Lauerb
RS0245,P252,L0086,Home,TRUE,,,,,,2007-08-20,BMAC
RS0246,P485,L0086,Home,TRUE,,,,,,2007-08-20,BMAC
RS0247,P849,L0086,Home,TRUE,,,,,,2007-08-20,BMAC
RS0248,P387,L0087,Home,TRUE,,,,,,2017-08-05,Melanie
RS0249,P882,L0087,Home,TRUE,,,,,,2017-08-05,Melanie
RS0250,P275,L0088,Home,TRUE,,,,,,2017-09-02,Melanie
RS0251,P547,L0088,Home,TRUE,,,,,,2017-09-02,Melanie
RS0252,P588,L0088,Home,TRUE,,,,,,2017-09-02,Melanie
RS0253,P853,L0088,Home,TRUE,,,,,,2017-09-02,Melanie
RS0254,P206,L0089,Home,TRUE,,,,,,2018-08-20,Melanie
RS0255,P400,L0089,Home,TRUE,,,,,,2018-08-20,Melanie
RS0256,P207,L0090,Home,TRUE,,,,,,2000-02-21,Lauerb
RS0257,P401,L0090,Home,TRUE,,,,,,2000-02-21,Lauerb
RS0258,P402,L0090,Home,TRUE,,,,,,2000-02-21,Lauerb
RS0259,P822,L0090,Home,TRUE,,,,,,2000-02-21,Lauerb
RS0260,P208,L0091,Home,TRUE,,,,,,2017-08-06,Melanie
RS0261,P205,L0092,Home,TRUE,,,,,,2017-08-06,Melanie
RS0262,P819,L0092,Home,TRUE,,,,,,2017-08-06,Melanie
RS0263,P214,L0093,Home,TRUE,,,,,,2018-08-20,Melanie
RS0264,P429,L0093,Home,TRUE,,,,,,2018-08-20,Melanie
RS0265,P492,L0093,Home,TRUE,,,,,,2018-08-20,Melanie
RS0266,P829,L0093,Home,TRUE,,,,,,2018-08-20,Melanie
RS0267,P216,L0094,Home,TRUE,,,,,,2012-07-21,Melanie Lauer
RS0268,P514,L0094,Home,TRUE,,,,,,2012-07-21,Melanie Lauer
RS0269,P525,L0094,Home,TRUE,,,,,,2012-07-21,Melanie Lauer
RS0270,P526,L0094,Home,TRUE,,,,,,2012-07-21,Melanie Lauer
RS0271,P540,L0094,Home,TRUE,,,,,,2012-07-21,Melanie Lauer
RS0272,P541,L0094,Home,TRUE,,,,,,2012-07-21,Melanie Lauer
RS0273,P551,L0094,Home,TRUE,,,,,,2012-07-21,Melanie Lauer
RS0274,P561,L0094,Home,TRUE,,,,,,2012-07-21,Melanie Lauer
RS0275,P831,L0094,Home,TRUE,,,,,,2012-07-21,Melanie Lauer
RS0276,P181,L0095,Home,TRUE,,,,,,2008-09-03,BMAC
RS0277,P796,L0095,Home,TRUE,,,,,,2008-09-03,BMAC
RS0280,P616,L0096,Home,TRUE,,,,,,2017-08-07,Melanie
RS0281,P179,L0097,Home,TRUE,,,,,,1999-08-08,Laptop
RS0282,P430,L0097,Home,TRUE,,,,,,1999-08-08,Laptop
RS0283,P432,L0097,Home,TRUE,,,,,,1999-08-08,Laptop
RS0284,P433,L0097,Home,TRUE,,,,,,1999-08-08,Laptop
RS0285,P794,L0097,Home,TRUE,,,,,,1999-08-08,Laptop
RS0286,P180,L0098,Home,TRUE,,,,,,1999-08-08,Laptop
RS0287,P431,L0098,Home,TRUE,,,,,,1999-08-08,Laptop
RS0288,P793,L0098,Home,TRUE,,,,,,1999-08-08,Laptop
RS0289,P795,L0098,Home,TRUE,,,,,,1999-08-08,Laptop
RS0290,P011,L0099,Home,TRUE,,,,,,2007-06-01,BMAC
RS0291,P465,L0100,Home,TRUE,,,,,,2005-07-17,BMAC
RS0292,P147,L0101,Home,TRUE,,,,,,2017-08-05,Melanie
RS0293,P584,L0102,Home,TRUE,,,,,,2018-08-20,Melanie
RS0294,P145,L0103,Home,TRUE,,,,,,2005-07-19,NIMA
RS0295,P757,L0103,Home,TRUE,,,,,,2005-07-19,NIMA
RS0296,P443,L0104,Home,TRUE,,,,,,2018-08-01,Melanie
RS0297,P507,L0104,Home,TRUE,,,,,,2018-08-01,Melanie
RS0298,P523,L0104,Home,TRUE,,,,,,2018-08-01,Melanie
RS0299,P592,L0104,Home,TRUE,,,,,,2018-08-01,Melanie
RS0300,P900,L0104,Home,TRUE,,,,,,2018-08-01,Melanie
RS0301,P288,L0105,Home,TRUE,,,,,,2005-09-05,BMAC
RS0302,P501,L0105,Home,TRUE,,,,,,2005-09-05,BMAC
RS0303,P860,L0105,Home,TRUE,,,,,,2005-09-05,BMAC
RS0304,P004,L0106,Home,TRUE,,,,,,2009-07-07,BMAC
RS0305,P012,L0106,Home,TRUE,,,,,,2009-07-07,BMAC
RS0306,P244,L0106,Home,TRUE,,,,,,2009-07-07,BMAC
RS0307,P489,L0106,Home,TRUE,,,,,,2009-07-07,BMAC
RS0308,P611,L0106,Home,TRUE,,,,,,2009-07-07,BMAC
RS0309,P076,L0107,Home,TRUE,,,,,,2010-09-02,Melanie Lauer
RS0310,P686,L0107,Home,TRUE,,,,,,2010-09-02,Melanie Lauer
RS0311,P084,L0108,Home,TRUE,,,,,,2006-12-16,BMAC
RS0312,P694,L0108,Home,TRUE,,,,,,2006-12-16,BMAC
RS0313,P086,L0109,Home,TRUE,,,,,,2012-08-19,Melanie Lauer
RS0314,P696,L0109,Home,TRUE,,,,,,2012-08-19,Melanie Lauer
RS0315,P276,L0110,Home,TRUE,,,,,,2017-09-02,Melanie
RS0316,P854,L0110,Home,TRUE,,,,,,2017-09-02,Melanie
RS0317,P097,L0111,Home,TRUE,,,,,,2005-07-17,BMAC
RS0318,P708,L0111,Home,TRUE,,,,,,2005-07-17,BMAC
RS0319,P105,L0112,Home,TRUE,,,,,,2000-08-17,Lauerb
RS0320,P299,L0112,Home,TRUE,,,,,,2000-08-17,Lauerb
RS0321,P300,L0113,Home,TRUE,,,,,,2001-07-09,Lauerb
RS0322,P493,L0113,Home,TRUE,,,,,,2001-07-09,Lauerb
RS0323,P013,L0114,Home,TRUE,,,,,,2014-07-28,Melanie
RS0324,P137,L0114,Home,TRUE,,,,,,2014-07-28,Melanie
RS0325,P618,L0114,Home,TRUE,,,,,,2014-07-28,Melanie
RS0326,P005,L0115,Home,TRUE,,,,,,2018-08-20,Melanie
RS0327,P612,L0115,Home,TRUE,,,,,,2018-08-20,Melanie
RS0328,P006,L0116,Home,TRUE,,,,,,2009-07-31,BMAC
RS0329,P613,L0116,Home,TRUE,,,,,,2009-07-31,BMAC
RS0330,P008,L0117,Home,TRUE,,,,,,2018-07-28,Melanie
RS0331,P007,L0118,Home,TRUE,,,,,,2014-07-27,Melanie
RS0332,P388,L0118,Home,TRUE,,,,,,2014-07-27,Melanie
RS0333,P614,L0118,Home,TRUE,,,,,,2014-07-27,Melanie
RS0334,P386,L0119,Home,TRUE,,,,,,2017-08-12,Melanie
RS0335,P422,L0119,Home,TRUE,,,,,,2017-08-12,Melanie
RS0336,P601,L0119,Home,TRUE,,,,,,2017-08-12,Melanie
RS0337,P881,L0119,Home,TRUE,,,,,,2017-08-12,Melanie
RS0338,P020,L0120,Home,TRUE,,,,,,2018-08-20,Melanie
RS0339,P391,L0120,Home,TRUE,,,,,,2018-08-20,Melanie
RS0340,P392,L0120,Home,TRUE,,,,,,2018-08-20,Melanie
RS0341,P626,L0120,Home,TRUE,,,,,,2018-08-20,Melanie
RS0342,P022,L0121,Home,TRUE,,,,,,2006-08-24,BMAC
RS0343,P628,L0121,Home,TRUE,,,,,,2006-08-24,BMAC
RS0344,P024,L0122,Home,TRUE,,,,,,2001-07-08,Lauerb
RS0345,P149,L0123,Home,TRUE,,,,,,2010-09-02,Melanie Lauer
RS0346,P151,L0124,Home,TRUE,,,,,,2017-08-05,Melanie
RS0347,P763,L0124,Home,TRUE,,,,,,2017-08-05,Melanie
RS0348,P458,L0125,Home,TRUE,,,,,,2018-08-09,Melanie
RS0349,P581,L0125,Home,TRUE,,,,,,2018-08-09,Melanie
RS0350,P602,L0125,Home,TRUE,,,,,,2018-08-09,Melanie
RS0351,P907,L0125,Home,TRUE,,,,,,2018-08-09,Melanie
RS0352,P454,L0126,Home,TRUE,,,,,,2014-08-03,Melanie
RS0353,P575,L0126,Home,TRUE,,,,,,2014-08-03,Melanie
RS0354,P904,L0126,Home,TRUE,,,,,,2014-08-03,Melanie
RS0355,P155,L0127,Home,TRUE,,,,,,2007-03-06,BMAC
RS0356,P451,L0127,Home,TRUE,,,,,,2007-03-06,BMAC
RS0357,P452,L0127,Home,TRUE,,,,,,2007-03-06,BMAC
RS0358,P453,L0127,Home,TRUE,,,,,,2007-03-06,BMAC
RS0359,P768,L0127,Home,TRUE,,,,,,2007-03-06,BMAC
RS0360,P184,L0128,Home,TRUE,,,,,,2014-09-08,Melanie
RS0361,P799,L0128,Home,TRUE,,,,,,2014-09-08,Melanie
RS0362,P185,L0129,Home,TRUE,,,,,,2007-08-13,BMAC
RS0363,P421,L0129,Home,TRUE,,,,,,2007-08-13,BMAC
RS0364,P423,L0129,Home,TRUE,,,,,,2007-08-13,BMAC
RS0365,P801,L0129,Home,TRUE,,,,,,2007-08-13,BMAC
RS0366,P417,L0130,Home,TRUE,,,,,,2011-08-19,Melanie Lauer
RS0367,P890,L0130,Home,TRUE,,,,,,2011-08-19,Melanie Lauer
RS0368,P418,L0131,Home,TRUE,,,,,,2011-08-19,Melanie Lauer
RS0369,P557,L0131,Home,TRUE,,,,,,2011-08-19,Melanie Lauer
RS0370,P891,L0131,Home,TRUE,,,,,,2011-08-19,Melanie Lauer
RS0371,P200,L0132,Home,TRUE,,,,,,2007-03-06,BMAC
RS0372,P202,L0133,Home,TRUE,,,,,,2005-07-17,BMAC
RS0373,P203,L0134,Home,TRUE,,,,,,2007-03-06,BMAC
RS0374,P403,L0134,Home,TRUE,,,,,,2007-03-06,BMAC
RS0375,P153,L0135,Home,TRUE,,,,,,2017-08-05,Melanie
RS0376,P765,L0135,Home,TRUE,,,,,,2017-08-05,Melanie
RS0377,P223,L0136,Home,TRUE,,,,,,2018-08-20,Melanie
RS0378,P535,L0136,Home,TRUE,,,,,,2018-08-20,Melanie
RS0379,P604,L0136,Home,TRUE,,,,,,2018-08-20,Melanie
RS0380,P837,L0136,Home,TRUE,,,,,,2018-08-20,Melanie
RS0381,P042,L0137,Home,TRUE,,,,,,2008-10-03,BMAC
RS0382,P259,L0137,Home,TRUE,,,,,,2008-10-03,BMAC
RS0383,P260,L0137,Home,TRUE,,,,,,2008-10-03,BMAC
RS0384,P527,L0137,Home,TRUE,,,,,,2008-10-03,BMAC
RS0385,P649,L0137,Home,TRUE,,,,,,2008-10-03,BMAC
RS0386,P182,L0138,Home,TRUE,,,,,,2001-07-08,Lauerb
RS0387,P425,L0138,Home,TRUE,,,,,,2001-07-08,Lauerb
RS0388,P426,L0138,Home,TRUE,,,,,,2001-07-08,Lauerb
RS0389,P498,L0138,Home,TRUE,,,,,,2001-07-08,Lauerb
RS0390,P797,L0138,Home,TRUE,,,,,,2001-07-08,Lauerb
RS0391,P060,L0139,Home,TRUE,,,,,,2007-03-06,BMAC
RS0392,P240,L0139,Home,TRUE,,,,,,2007-03-06,BMAC
RS0393,P667,L0139,Home,TRUE,,,,,,2007-03-06,BMAC
RS0394,P211,L0140,Home,TRUE,,,,,,2001-07-09,Lauerb
RS0395,P483,L0140,Home,TRUE,,,,,,2001-07-09,Lauerb
RS0396,P827,L0140,Home,TRUE,,,,,,2001-07-09,Lauerb
RS0397,P031,L0141,Home,TRUE,,,,,,2001-07-08,Lauerb
RS0398,P637,L0141,Home,TRUE,,,,,,2001-07-08,Lauerb
RS0399,P247,L0142,Home,TRUE,,,,,,2008-10-03,BMAC
RS0400,P499,L0142,Home,TRUE,,,,,,2008-10-03,BMAC
RS0401,P509,L0142,Home,TRUE,,,,,,2008-10-03,BMAC
RS0402,P539,L0142,Home,TRUE,,,,,,2008-10-03,BMAC
RS0403,P847,L0142,Home,TRUE,,,,,,2008-10-03,BMAC
RS0404,P023,L0143,Home,TRUE,,,,,,2007-06-01,BMAC
RS0405,P528,L0143,Home,TRUE,,,,,,2007-06-01,BMAC
RS0406,P629,L0143,Home,TRUE,,,,,,2007-06-01,BMAC
RS0407,P053,L0144,Home,TRUE,,,,,,1999-07-26,Lauerb
RS0408,P344,L0144,Home,TRUE,,,,,,1999-07-26,Lauerb
RS0409,P345,L0144,Home,TRUE,,,,,,1999-07-26,Lauerb
RS0410,P661,L0144,Home,TRUE,,,,,,1999-07-26,Lauerb
RS0411,P089,L0145,Home,TRUE,,,,,,2007-03-06,BMAC
RS0412,P699,L0145,Home,TRUE,,,,,,2007-03-06,BMAC
RS0413,P090,L0146,Home,TRUE,,,,,,2000-08-17,Lauerb
RS0414,P091,L0146,Home,TRUE,,,,,,2000-08-17,Lauerb
RS0415,P281,L0147,Home,TRUE,,,,,,2000-08-17,Lauerb
RS0416,P415,L0148,Home,TRUE,,,,,,2011-08-19,Melanie Lauer
RS0417,P225,L0149,Home,TRUE,,,,,,2000-08-17,Lauerb
RS0418,P312,L0149,Home,TRUE,,,,,,2000-08-17,Lauerb
RS0419,P838,L0149,Home,TRUE,,,,,,2000-08-17,Lauerb
RS0420,P135,L0150,Home,TRUE,,,,,,2011-08-19,Melanie Lauer
RS0421,P747,L0150,Home,TRUE,,,,,,2011-08-19,Melanie Lauer
RS0422,P427,L0151,Home,TRUE,,,,,,2017-08-22,Melanie
RS0423,P567,L0151,Home,TRUE,,,,,,2017-08-22,Melanie
RS0424,P574,L0151,Home,TRUE,,,,,,2017-08-22,Melanie
RS0425,P892,L0151,Home,TRUE,,,,,,2017-08-22,Melanie
RS0426,P016,L0152,Home,TRUE,,,,,,2017-08-08,Melanie
RS0427,P368,L0152,Home,TRUE,,,,,,2017-08-08,Melanie
RS0428,P369,L0152,Home,TRUE,,,,,,2017-08-08,Melanie
RS0429,P370,L0152,Home,TRUE,,,,,,2017-08-08,Melanie
RS0430,P573,L0152,Home,TRUE,,,,,,2017-08-08,Melanie
RS0431,P197,L0153,Home,TRUE,,,,,,1999-08-08,Laptop
RS0432,P040,L0154,Home,TRUE,,,,,,2010-07-16,BMAC
RS0433,P646,L0154,Home,TRUE,,,,,,2010-07-16,BMAC
RS0434,P219,L0155,Home,TRUE,,,,,,2004-07-15,BMAC
RS0435,P834,L0155,Home,TRUE,,,,,,2004-07-15,BMAC
RS0436,P065,L0156,Home,TRUE,,,,,,1999-07-29,Lauerb
RS0437,P672,L0156,Home,TRUE,,,,,,1999-07-29,Lauerb
RS0438,P215,L0157,Home,TRUE,,,,,,2000-02-21,Lauerb
RS0439,P487,L0157,Home,TRUE,,,,,,2000-02-21,Lauerb
RS0440,P830,L0157,Home,TRUE,,,,,,2000-02-21,Lauerb
RS0441,P018,L0158,Home,TRUE,,,,,,2013-07-26,Melanie
RS0442,P376,L0158,Home,TRUE,,,,,,2013-07-26,Melanie
RS0443,P624,L0158,Home,TRUE,,,,,,2013-07-26,Melanie
RS0444,P109,L0159,Home,TRUE,,,,,,1999-07-17,Lauerb
RS0445,P112,L0159,Home,TRUE,,,,,,1999-07-17,Lauerb
RS0446,P306,L0159,Home,TRUE,,,,,,1999-07-17,Lauerb
RS0447,P307,L0159,Home,TRUE,,,,,,1999-07-17,Lauerb
RS0448,P310,L0159,Home,TRUE,,,,,,1999-07-17,Lauerb
RS0449,P311,L0159,Home,TRUE,,,,,,1999-07-17,Lauerb
RS0450,P720,L0159,Home,TRUE,,,,,,1999-07-17,Lauerb
RS0451,P724,L0159,Home,TRUE,,,,,,1999-07-17,Lauerb
RS0452,P110,L0160,Home,TRUE,,,,,,2001-07-08,Lauerb
RS0453,P308,L0160,Home,TRUE,,,,,,2001-07-08,Lauerb
RS0454,P494,L0160,Home,TRUE,,,,,,2001-07-08,Lauerb
RS0455,P722,L0160,Home,TRUE,,,,,,2001-07-08,Lauerb
RS0456,P111,L0161,Home,TRUE,,,,,,1999-07-17,Lauerb
RS0457,P309,L0161,Home,TRUE,,,,,,1999-07-17,Lauerb
RS0458,P075,L0162,Home,TRUE,,,,,,2013-08-24,Melanie; Melanie Lauer
RS0459,P079,L0162,Home,TRUE,,,,,,2013-08-24,Melanie; Melanie Lauer
RS0460,P265,L0162,Home,TRUE,,,,,,2013-08-24,Melanie; Melanie Lauer
RS0461,P685,L0162,Home,TRUE,,,,,,2013-08-24,Melanie; Melanie Lauer
RS0462,P689,L0162,Home,TRUE,,,,,,2013-08-24,Melanie; Melanie Lauer
RS0463,P266,L0163,Home,TRUE,,,,,,2013-08-24,Melanie
RS0464,P851,L0163,Home,TRUE,,,,,,2013-08-24,Melanie
RS0465,P218,L0164,Home,TRUE,,,,,,2007-08-17,BMAC
RS0466,P482,L0164,Home,TRUE,,,,,,2007-08-17,BMAC
RS0467,P833,L0164,Home,TRUE,,,,,,2007-08-17,BMAC
RS0468,P041,L0165,Home,TRUE,,,,,,2003-07-19,BMAC
RS0469,P648,L0165,Home,TRUE,,,,,,2003-07-19,BMAC
RS0470,P150,L0166,Home,TRUE,,,,,,2010-09-02,Melanie Lauer
RS0471,P460,L0166,Home,TRUE,,,,,,2010-09-02,Melanie Lauer
RS0472,P761,L0166,Home,TRUE,,,,,,2010-09-02,Melanie Lauer
RS0473,P389,L0167,Home,TRUE,,,,,,2018-08-20,Melanie
RS0474,P599,L0167,Home,TRUE,,,,,,2018-08-20,Melanie
RS0475,P883,L0167,Home,TRUE,,,,,,2018-08-20,Melanie
RS0476,P014,L0168,Home,TRUE,,,,,,2014-07-28,Melanie
RS0477,P619,L0168,Home,TRUE,,,,,,2014-07-28,Melanie
RS0478,P054,L0169,Home,TRUE,,,,,,1999-07-26,Lauerb
RS0479,P343,L0169,Home,TRUE,,,,,,1999-07-26,Lauerb
RS0480,P662,L0169,Home,TRUE,,,,,,1999-07-26,Lauerb
RS0481,P390,L0170,Home,TRUE,,,,,,2018-08-01,Melanie
RS0482,P600,L0170,Home,TRUE,,,,,,2018-08-01,Melanie
RS0483,P884,L0170,Home,TRUE,,,,,,2018-08-01,Melanie
RS0484,P371,L0171,Home,TRUE,,,,,,2017-08-08,Melanie
RS0485,P015,L0172,Home,TRUE,,,,,,2017-08-08,Melanie
RS0486,P088,L0173,Home,TRUE,,,,,,2009-07-07,BMAC
RS0487,P280,L0173,Home,TRUE,,,,,,2009-07-07,BMAC
RS0488,P698,L0173,Home,TRUE,,,,,,2009-07-07,BMAC
RS0489,P195,L0174,Home,TRUE,,,,,,2005-07-17,BMAC
RS0490,P811,L0174,Home,TRUE,,,,,,2005-07-17,BMAC
RS0491,P009,L0175,Home,TRUE,,,,,,2017-08-07,Melanie
RS0492,P615,L0175,Home,TRUE,,,,,,2017-08-07,Melanie
RS0493,P377,L0176,Home,TRUE,,,,,,2018-08-01,Melanie
RS0494,P021,L0177,Home,TRUE,,,,,,2007-06-01,BMAC
RS0495,P393,L0177,Home,TRUE,,,,,,2007-06-01,BMAC
RS0496,P394,L0177,Home,TRUE,,,,,,2007-06-01,BMAC
RS0497,P627,L0177,Home,TRUE,,,,,,2007-06-01,BMAC
RS0498,P049,L0178,Home,TRUE,,,,,,2007-03-06,BMAC
RS0499,P338,L0178,Home,TRUE,,,,,,2007-03-06,BMAC
RS0500,P657,L0178,Home,TRUE,,,,,,2007-03-06,BMAC
RS0501,P052,L0179,Home,TRUE,,,,,,2007-03-06,BMAC
RS0502,P660,L0179,Home,TRUE,,,,,,2007-03-06,BMAC
RS0503,P046,L0180,Home,TRUE,,,,,,2007-03-06,BMAC
RS0504,P071,L0181,Home,TRUE,,,,,,2000-08-17,Lauerb
RS0505,P353,L0181,Home,TRUE,,,,,,2000-08-17,Lauerb
RS0506,P354,L0181,Home,TRUE,,,,,,2000-08-17,Lauerb
RS0507,P355,L0181,Home,TRUE,,,,,,2000-08-17,Lauerb
RS0508,P139,L0182,Home,TRUE,,,,,,1994-01-03,McDirectory
RS0509,P751,L0182,Home,TRUE,,,,,,1994-01-03,McDirectory
RS0510,P140,L0183,Home,TRUE,,,,,,2003-07-19,BMAC
RS0511,P142,L0184,Home,TRUE,,,,,,2007-08-13,BMAC
RS0512,P246,L0184,Home,TRUE,,,,,,2007-08-13,BMAC
RS0513,P754,L0184,Home,TRUE,,,,,,2007-08-13,BMAC
RS0514,P078,L0185,Home,TRUE,,,,,,1998-08-31,McDirectory
RS0515,P239,L0185,Home,TRUE,,,,,,1998-08-31,McDirectory
RS0516,P688,L0185,Home,TRUE,,,,,,1998-08-31,McDirectory
RS0517,P050,L0186,Home,TRUE,,,,,,1994-01-03,McDirectory
RS0518,P339,L0186,Home,TRUE,,,,,,1994-01-03,McDirectory
RS0519,P658,L0186,Home,TRUE,,,,,,1994-01-03,McDirectory
RS0520,P118,L0187,Home,TRUE,,,,,,2017-08-05,Melanie
RS0521,P318,L0187,Home,TRUE,,,,,,2017-08-05,Melanie
RS0522,P320,L0187,Home,TRUE,,,,,,2017-08-05,Melanie
RS0523,P729,L0187,Home,TRUE,,,,,,2017-08-05,Melanie
RS0524,P314,L0188,Home,TRUE,,,,,,2014-08-14,Melanie; Melanie Lauer
RS0525,P317,L0188,Home,TRUE,,,,,,2014-08-14,Melanie; Melanie Lauer
RS0526,P536,L0188,Home,TRUE,,,,,,2014-08-14,Melanie; Melanie Lauer
RS0527,P555,L0188,Home,TRUE,,,,,,2014-08-14,Melanie; Melanie Lauer
RS0528,P556,L0188,Home,TRUE,,,,,,2014-08-14,Melanie; Melanie Lauer
RS0529,P564,L0188,Home,TRUE,,,,,,2014-08-14,Melanie; Melanie Lauer
RS0530,P578,L0188,Home,TRUE,,,,,,2014-08-14,Melanie; Melanie Lauer
RS0531,P863,L0188,Home,TRUE,,,,,,2014-08-14,Melanie; Melanie Lauer
RS0532,P315,L0189,Home,TRUE,,,,,,2013-08-01,Melanie
RS0533,P529,L0189,Home,TRUE,,,,,,2013-08-01,Melanie
RS0534,P570,L0189,Home,TRUE,,,,,,2013-08-01,Melanie
RS0535,P864,L0189,Home,TRUE,,,,,,2013-08-01,Melanie
RS0536,P164,L0190,Home,TRUE,,,,,,1999-08-08,Laptop
RS0537,P778,L0190,Home,TRUE,,,,,,1999-08-08,Laptop
RS0538,P319,L0191,Home,TRUE,,,,,,2014-08-14,Melanie
RS0539,P579,L0191,Home,TRUE,,,,,,2014-08-14,Melanie
RS0540,P866,L0191,Home,TRUE,,,,,,2014-08-14,Melanie
RS0541,P367,L0192,Home,TRUE,,,,,,2014-07-28,Melanie
RS0542,P518,L0192,Home,TRUE,,,,,,2014-07-28,Melanie
RS0543,P568,L0192,Home,TRUE,,,,,,2014-07-28,Melanie
RS0544,P572,L0192,Home,TRUE,,,,,,2014-07-28,Melanie
RS0545,P099,L0193,Home,TRUE,,,,,,2005-09-05,BMAC
RS0546,P712,L0193,Home,TRUE,,,,,,2005-09-05,BMAC
RS0547,P141,L0194,Home,TRUE,,,,,,2017-08-08,Melanie
RS0548,P397,L0194,Home,TRUE,,,,,,2017-08-08,Melanie
RS0549,P752,L0194,Home,TRUE,,,,,,2017-08-08,Melanie
RS0550,P383,L0195,Home,TRUE,,,,,,2026-08-26,McFamily
RS0278,P010,L0096,Home,TRUE,,,,,,2017-08-07,Melanie
